{
    "$schema": "http://schema.management.azure.com/schemas/2015-01-01/deploymentTemplate.json",
    "contentVersion": "1.0.0.0",
    "parameters": {
        "clusterName": {
            "type": "string",
            "metadata": {
                "description": "Name of your cluster - Between 3 and 23 characters. Letters and numbers only"
            }
        },
        "vmScaleSetName": {
            "type": "string",
            "metadata": {
                "description": "VM Scaleset name"
            }
        },
        "primaryNtInstanceCount": {
            "type": "int",
            "metadata": {
                "description": "Number of VM instances."
            }
        },
        "nodeTypePrefix": {
            "type": "string",
            "maxLength": 9
        },
        "overProvision": {
            "type": "string"
        },
        "vmImageSku": {
            "type": "string"
        },
        "vmImagePublisher": {
            "type": "string"
        },
        "vmImageOffer": {
            "type": "string"
        },
        "vmImageVersion": {
            "type": "string"
        },
        "vmNodeSize": {
            "type": "string"
        },
        "osDiskName": {
            "type": "string"
        },
        "vhdContainerName": {
            "type": "string"
        },
        "storageAccountName": {
            "type": "string"
        },
        "diagStoreAccountName": {
            "type": "string"
        },
        "adminUserName": {
            "type": "string",
            "metadata": {
                "description": "Remote desktop user Id"
            }
        },
        "adminPassword": {
            "type": "securestring",
            "metadata": {
                "description": "Remote desktop user password. Must be a strong password"
            }
        },
        "nicName": {
            "type": "string"
        },
        "ipConfigName": {
            "type": "string"
        },
        "lbPoolID": {
            "type": "string"
        },
        "lbNatPoolID": {
            "type": "string"
        },
        "subnetID": {
            "type": "string"
        },
        "servicefabricTcpGatewayPort": {
            "type": "int"
        },
        "servicefabricHttpGatewayPort": {
            "type": "int"
        },
        "servicereverseProxyEndpointPort": {
            "type": "int"
        },
        "ephemeralStartPort": {
            "type": "int"
        },
        "ephemeralEndPort": {
            "type": "int"
        },
        "applicationStartPort": {
            "type": "int"
        },
        "applicationEndPort": {
            "type": "int"
        },
        "sourceVaultValue": {
            "type": "string",
            "metadata": {
                "description": "Resource Id of the key vault, is should be in the format of /subscriptions/<Sub ID>/resourceGroups/<Resource group name>/providers/Microsoft.KeyVault/vaults/<vault name>"
            }
        },
        "clusterCertificateUrlValue": {
            "type": "string",
            "metadata": {
                "description": "Refers to the location URL in your key vault where the certificate was uploaded, it is should be in the format of https://<name of the vault>.vault.azure.net:443/secrets/<exact location>"
            }
        },
        "certificateStoreValue": {
            "type": "string",
            "allowedValues": [
                "My"
            ],
            "defaultValue": "My",
            "metadata": {
                "description": "The store name where the cert will be deployed in the virtual machine"
            }
        },
        "certificateThumbprint": {
            "type": "string",
            "metadata": {
                "description": "Certificate Thumbprint"
            }
        },
        "reverseProxyCertificateUrlValue": {
            "type": "string",
            "metadata": {
                "description": "Refers to the location URL in your key vault where the certificate was uploaded, it is should be in the format of https://<name of the vault>.vault.azure.net:443/secrets/<exact location>"
            }
        },
        "reverseProxyCertificateThumbprint": {
            "type": "string",
            "metadata": {
                "description": "Reverse proxy Certificate Thumbprint"
            }
        },
        "adminClientCertificateThumbprint": {
            "type": "array",
            "defaultValue": [ ],
            "metadata": {
                "description": "Admin client Certificate Thumbprint"
            }
        },
        "nonAdminClientCertificateThumbprint": {
            "type": "array",
            "defaultValue": [ ],
            "metadata": {
                "description": "Non-Admin client Certificate Thumbprint"
            }
        },
        "ClientConnectionEndpoint": {
            "type": "string"
        },
        "DNSService": {
            "type": "string"
        },
        "RepairManager": {
            "type": "string"
        },
        "serviceFabricUrl": {
            "type": "string",
            "metadata": {
                "description": "Service fabric runtime download url."
            }
        },
        "scriptBaseUrl": {
            "type": "string",
            "metadata": {
                "description": "Scripts base url"
            }
        }
    },
    "variables": {

        "apiVersion": {
            "vmssApiVersion": "2016-03-30"
        },

        "location": "[resourceGroup().location]",
        "serviceFabricDeploymentModuleUrl": "[uri(parameters('scriptBaseUrl'), 'DeploySFCluster.zip')]",
        "serviceFabricDeploymentConfigFunction": "DeploySFCluster.ps1\\InstallServiceFabricConfiguration",
        "scriptName": "PrepareServiceFabricDeployment.ps1",
        "serviceFabricPrepareScriptUrl": "[uri(parameters('scriptBaseUrl'), variables('scriptName'))]",
        "serviceFabricConfigPath": "[uri(parameters('scriptBaseUrl'), 'ClusterConfig.X509.MultiMachine.json')]",

        "deploymentNodeIndex": 0,

        "clusterCertThumbprintParam": "[concat(' -CertificateThumbprint ', parameters('certificateThumbprint') )]",
        "reverseProxyCertThumbprintParam": "[concat(' -ReverseProxyCertificateThumbprint ', parameters('reverseProxyCertificateThumbprint') )]",
        "commandParam0": "[variables('clusterCertThumbprintParam')]",
        "commandParam": "[if(equals(trim(parameters('reverseProxyCertificateThumbprint')), ''), variables('commandParam0'), concat(variables('commandParam0'), variables('reverseProxyCertThumbprintParam')))]",

        "isReverseProxyCert": "[if(equals(trim(parameters('reverseProxyCertificateUrlValue')), ''), bool('false'), bool('true'))]",
        "isSameCert": "[if(equals(parameters('clusterCertificateUrlValue'), parameters('reverseProxyCertificateUrlValue')), bool('true'), bool('false'))]",
        "certsToInstall": "[if(or(not(variables('isReverseProxyCert')), variables('isSameCert')), array(parameters('clusterCertificateUrlValue')), concat(array(parameters('clusterCertificateUrlValue')), array(parameters('reverseProxyCertificateUrlValue'))))]"
    },
    "resources": [
        {
            "apiVersion": "[variables('apiVersion').vmssApiVersion]",
            "type": "Microsoft.Compute/virtualMachineScaleSets",
            "name": "[parameters('vmScaleSetName')]",
            "location": "[variables('location')]",
            "dependsOn": [],
            "properties": {
                "overprovision": "[parameters('overProvision')]",
                "upgradePolicy": {
                    "mode": "Automatic"
                },
                "virtualMachineProfile": {
                    "networkProfile": {
                        "networkInterfaceConfigurations": [
                            {
                                "name": "[parameters('nicName')]",
                                "properties": {
                                    "ipConfigurations": [
                                        {
                                            "name": "[parameters('ipConfigName')]",
                                            "properties": {
                                                "loadBalancerBackendAddressPools": [
                                                    {
                                                        "id": "[parameters('lbPoolID')]"
                                                    }
                                                ],
                                                "loadBalancerInboundNatPools": [
                                                    {
                                                        "id": "[parameters('lbNatPoolID')]"
                                                    }
                                                ],
                                                "subnet": {
                                                    "id": "[parameters('subnetID')]"
                                                }
                                            }
                                        }
                                    ],
                                    "primary": true
                                }
                            }
                        ]
                    },
                    "osProfile": {
                        "adminPassword": "[parameters('adminPassword')]",
                        "adminUsername": "[parameters('adminUsername')]",
                        "computerNamePrefix": "[parameters('nodeTypePrefix')]",
                        "secrets": [
                            {
                                "sourceVault": {
                                    "id": "[parameters('sourceVaultValue')]"
                                },
                                "copy": [
                                    {
                                        "name": "vaultCertificates",
                                        "count": "[length(variables('certsToInstall'))]",
                                        "input": {
                                            "certificateStore": "[parameters('certificateStoreValue')]",
                                            "certificateUrl": "[variables('certsToInstall')[copyIndex('vaultCertificates')]]"
                                        }
                                    }
                                ]
                            }
                        ]
                    },
                    "storageProfile": {
                        "imageReference": {
                            "publisher": "[parameters('vmImagePublisher')]",
                            "offer": "[parameters('vmImageOffer')]",
                            "sku": "[parameters('vmImageSku')]",
                            "version": "[parameters('vmImageVersion')]"
                        },
                        "osDisk": {
                            "name": "[parameters('osDiskName')]",
                            "caching": "ReadOnly",
                            "createOption": "FromImage",
                            "vhdContainers": [
                                "[concat(reference(concat('Microsoft.Storage/storageAccounts/', parameters('storageAccountName')), providers('Microsoft.Storage', 'storageAccounts').apiVersions[0]).primaryEndpoints.blob, parameters('vhdContainerName'))]"
                            ]
                        }
                    },
                    "extensionProfile": {
                        "extensions": [
                            {
                                "name": "PrepareServiceFabric",
                                "properties": {
                                    "publisher": "Microsoft.Compute",
                                    "settings": {
                                        "fileUris": [
                                            "[variables('serviceFabricPrepareScriptUrl')]"
                                        ]
                                    },
                                    "typeHandlerVersion": "1.8",
                                    "autoUpgradeMinorVersion": true,
                                    "protectedSettings": {
                                        "commandToExecute": "[concat('powershell -ExecutionPolicy Unrestricted -file ',variables('scriptName'), variables('commandParam'))]"
                                    },
                                    "type": "CustomScriptExtension"
                                }
                            },
                            {
                                "name": "DeployServiceFabricCluster",
                                "properties": {
                                    "publisher": "Microsoft.Powershell",
                                    "type": "DSC",
                                    "typeHandlerVersion": "2.19",
                                    "autoUpgradeMinorVersion": true,
                                    "settings": {
                                        "modulesUrl": "[variables('serviceFabricDeploymentModuleUrl')]",
                                        "configurationFunction": "[variables('serviceFabricDeploymentConfigFunction')]",
                                        "properties": {
                                            "DeploymentNodeIndex": "[variables('deploymentNodeIndex')]",
                                            "InstanceCount": "[parameters('primaryNtInstanceCount')]",
                                            "ClusterName": "[parameters('clusterName')]",
                                            "nodeTypePrefix": "[parameters('nodeTypePrefix')]",
                                            "clientConnectionEndpointPort": "[parameters('servicefabricTcpGatewayPort')]",
                                            "httpGatewayEndpointPort": "[parameters('servicefabricHttpGatewayPort')]",
                                            "reverseProxyEndpointPort": "[parameters('servicereverseProxyEndpointPort')]",
                                            "ephemeralStartPort": "[parameters('ephemeralStartPort')]",
                                            "ephemeralEndPort": "[parameters('ephemeralEndPort')]",
                                            "applicationStartPort": "[parameters('applicationStartPort')]",
                                            "applicationEndPort": "[parameters('applicationEndPort')]",
                                            "certificateStoreValue": "[parameters('certificateStoreValue')]",
                                            "certificateThumbprint": "[parameters('certificateThumbprint')]",
                                            "reverseProxyCertificateThumbprint": "[parameters('reverseProxyCertificateThumbprint')]",
                                            "adminClientCertificateThumbprint": "[parameters('adminClientCertificateThumbprint')]",
                                            "nonAdminClientCertificateThumbprint": "[parameters('nonAdminClientCertificateThumbprint')]",
                                            "ClientConnectionEndpoint": "[parameters('ClientConnectionEndpoint')]",
                                            "DNSService": "[parameters('DNSService')]",
                                            "RepairManager": "[parameters('RepairManager')]",
                                            "ConfigPath": "[variables('serviceFabricConfigPath')]",
                                            "serviceFabricUrl": "[parameters('serviceFabricUrl')]",
                                            "DiagStoreAccountName": "[parameters('diagStoreAccountName')]",
                                            "DiagStoreAccountKey": "[listKeys(resourceId('Microsoft.Storage/storageAccounts', parameters('diagStoreAccountName')), providers('Microsoft.Storage', 'storageAccounts').apiVersions[0]).keys[0].value]",
                                            "DiagStoreAccountBlobUri": "[reference(concat('Microsoft.Storage/storageAccounts/', parameters('diagStoreAccountName')), '2016-01-01').primaryEndpoints.blob]",
                                            "DiagStoreAccountTableUri": "[reference(concat('Microsoft.Storage/storageAccounts/', parameters('diagStoreAccountName')), '2016-01-01').primaryEndpoints.table]"
                                        }
                                    },
                                    "protectedSettings": {
                                        "properties": {
                                            "Credential": {
                                                "Username": "[parameters('adminUsername')]",
                                                "Password": "[parameters('adminPassword')]"
                                            }
                                        }
                                    }
                                }
                            }
                        ]
                    }
                }
            },
            "sku": {
                "name": "[parameters('vmNodeSize')]",
                "capacity": "[parameters('primaryNtInstanceCount')]"
            },
            "tags": {
                "resourceType": "Service Fabric",
                "clusterName": "[parameters('clusterName')]",
                "displayName": "ServiceFabricCluster"
            }
        }
    ],
        "outputs": {
        }
    }
